First Name,Last Name,Phone Number,Email,Adress
Michael,Williams,(281) 789-0123,michael.williams45@webmail.org,2345 Pine Ln, Houston, TX 77001
Emily,Brown,(602) 234-5678,emily.brown89@example.com,7890 Elm St, Phoenix, AZ 85001
David,Jones,(215) 876-5432,david.jones01@mail.us,1234 Maple Rd, Philadelphia, PA 19101
Sarah,Garcia,(210) 345-6789,sarah.garcia23@webmail.org,5678 Cedar Dr, San Antonio, TX 78201
Chris,Miller,(619) 901-2345,chris.miller34@example.com,9012 Park Blvd, San Diego, CA 92101
Jessica,Davis,(469) 210-9876,jessica.davis56@mail.us,3456 Highland Rd, Dallas, TX 75201
Daniel,Rodriguez,(408) 765-4321,daniel.rodriguez78@webmail.org,6789 Forest Pkwy, San Jose, CA 95101
Olivia,Martinez,(512) 890-1234,olivia.martinez90@example.com,1011 Broad St, Austin, TX 78701
John,Williams,(904) 567-8901,john.williams11@mail.us,2233 Ocean Dr, Jacksonville, FL 32001
Jane,Brown,(415) 321-0987,jane.brown22@webmail.org,4455 Hilltop Rd, San Francisco, CA 94101
Michael,Jones,(317) 654-3210,michael.jones33@example.com,6677 Elmwood Dr, Indianapolis, IN 46201
Emily,Garcia,(614) 876-5432,emily.garcia44@mail.us,8899 Main St, Apt 12, Columbus, OH 43085
David,Miller,(817) 234-5678,david.miller55@webmail.org,1122 Oak Ave, Fort Worth, TX 76102
Sarah,Davis,(704) 901-2345,sarah.davis66@example.com,3344 Pine Ln, Charlotte, NC 28202
Chris,Rodriguez,(206) 789-0123,chris.rodriguez77@mail.us,5566 Maple Rd, Seattle, WA 98101
Jessica,Martinez,(303) 345-6789,jessica.martinez88@webmail.org,7788 Cedar Dr, Denver, CO 80202
Daniel,Smith,(202) 876-5432,daniel.smith99@example.com,9900 Park Blvd, Washington, DC 20001
Olivia,Johnson,(445) 123-4567,olivia.johnson10@mail.us,1234 Highland Rd, New York, NY 10001
John,Williams,(312) 987-6543,john.williams21@webmail.org,5678 Forest Pkwy, Chicago, IL 60601
Jane,Brown,(281) 111-2233,jane.brown32@example.com,9012 Broad St, Houston, TX 77001
Michael,Jones,(602) 444-5566,michael.jones43@mail.us,2345 Ocean Dr, Phoenix, AZ 85001
Emily,Garcia,(215) 777-8899,emily.garcia54@webmail.org,4567 Hilltop Rd, Philadelphia, PA 19101
David,Miller,(210) 222-3344,david.miller65@example.com,7890 Elmwood Dr, San Antonio, TX 78201
Sarah,Davis,(619) 555-6677,sarah.davis76@mail.us,1011 Main St, San Diego, CA 92101
Chris,Rodriguez,(469) 888-9900,chris.rodriguez87@webmail.org,3344 Oak Ave, Dallas, TX 75201
Jessica,Martinez,(408) 123-9876,jessica.martinez98@example.com,6677 Pine Ln, San Jose, CA 95101
Daniel,Smith,(512) 456-7890,daniel.smith09@mail.us,8899 Maple Rd, Austin, TX 78701
Olivia,Johnson,(904) 789-0123,olivia.johnson20@webmail.org,1122 Cedar Dr, Jacksonville, FL 32001
asdasda,asdasd,asdasd,asd,asdasd
